<?xml version="1.0" encoding="UTF-8"?>
<project-private xmlns="http://www.netbeans.org/ns/project-private/1">
    <editor-bookmarks xmlns="http://www.netbeans.org/ns/editor-bookmarks/2" lastBookmarkId="0"/>
    <open-files xmlns="http://www.netbeans.org/ns/projectui-open-files/2">
        <group>
            <file>file:/F:/School/Produktif/KELAS%2011/Project%20Java/ProjectKoperasi/src/view/admin.java</file>
            <file>file:/F:/School/Produktif/KELAS%2011/Project%20Java/ProjectKoperasi/src/view/kasir.java</file>
            <file>file:/F:/School/Produktif/KELAS%2011/Project%20Java/ProjectKoperasi/src/view/h_pemilik.java</file>
        </group>
    </open-files>
</project-private>
